<?xml version="1.0" encoding="UTF-8"?>
<project-private xmlns="http://www.netbeans.org/ns/project-private/1">
    <editor-bookmarks xmlns="http://www.netbeans.org/ns/editor-bookmarks/2" lastBookmarkId="0"/>
    <open-files xmlns="http://www.netbeans.org/ns/projectui-open-files/2">
        <group>
            <file>file:/media/oknehal/Drive/Workspace/NetBeans%20Projects/Web%20Engineering%20Projects/WebProject/web/userlogin.jsp</file>
            <file>file:/media/oknehal/Drive/Workspace/NetBeans%20Projects/Web%20Engineering%20Projects/WebProject/web/upload.jsp</file>
            <file>file:/media/oknehal/Drive/Workspace/NetBeans%20Projects/Web%20Engineering%20Projects/WebProject/web/StudentInfo.jsp</file>
            <file>file:/media/oknehal/Drive/Workspace/NetBeans%20Projects/Web%20Engineering%20Projects/WebProject/web/index.jsp</file>
            <file>file:/media/oknehal/Drive/Workspace/NetBeans%20Projects/Web%20Engineering%20Projects/WebProject/web/dashboard.jsp</file>
            <file>file:/media/oknehal/Drive/Workspace/NetBeans%20Projects/Web%20Engineering%20Projects/WebProject/web/uploadprocess.jsp</file>
            <file>file:/media/oknehal/Drive/Workspace/NetBeans%20Projects/Web%20Engineering%20Projects/WebProject/web/login.jsp</file>
            <file>file:/media/oknehal/Drive/Workspace/NetBeans%20Projects/Web%20Engineering%20Projects/WebProject/web/adminlogin.jsp</file>
        </group>
    </open-files>
</project-private>
